[
  {
    "nom": "SS",
    "user": {
      "name": "akary",
      "id": "dx"
    },
    "debut": "2024-08-06T09:10:40.777182",
    "fin": "2024-08-06T09:10:46.1464956"
  },
  {
    "nom": "DCC",
    "user": {
      "name": "D",
      "id": "D"
    },
    "debut": "2024-08-06T09:11:13.5373283",
    "fin": "2024-08-06T09:11:33.5471081"
  },
  {
    "nom": "FGH",
    "user": {
      "name": "z",
      "id": "d"
    },
    "debut": "2024-08-06T10:14:15.763997",
    "fin": "2024-08-06T10:14:28.7625538"
  },
  {
    "nom": "Informatique",
    "user": {
      "name": "Bakary ",
      "id": "123"
    },
    "debut": "2024-08-06T10:26:43.364363"
  },
  {
    "nom": "basket",
    "user": {
      "name": "Bakary ",
      "id": "123"
    },
    "debut": "2024-08-06T10:29:39.9080129",
    "fin": "2024-08-06T10:29:46.7194422"
  },
  {
    "nom": "ZS",
    "user": {
      "name": "Admin",
      "id": "12"
    },
    "debut": "2024-08-06T10:32:17.2726557",
    "fin": "2024-08-06T10:32:20.9051756"
  }
]